username,firstName,lastName,password
alicevanvleet32,Alice,Vanvleet,hskXRXPIJS
alicesiakam11,Alice,Siakam,NYsOXrYvgC
alicewatanabe87,Alice,Watanabe,weOAspqHEH
alicebarnes94,Alice,Barnes,pIIdcBUSJI
aliceanunoby46,Alice,Anunoby,jMXxgcRgnE
bobvanvleet73,Bob,Vanvleet,UhVhqBeVju
bobsiakam82,Bob,Siakam,AbRzZEkulE
bobwatanabe67,Bob,Watanabe,VKjtFqvyWU
bobbarnes46,Bob,Barnes,JsdUvLKpaL
bobanunoby13,Bob,Anunoby,ZNsrKQAkGl
charlievanvleet87,Charlie,Vanvleet,afqYcRixYD
charliesiakam85,Charlie,Siakam,LDfiBWuSCb
charliewatanabe59,Charlie,Watanabe,HqRFgXXySG
charliebarnes18,Charlie,Barnes,FDUiJGGdiX
charlieanunoby10,Charlie,Anunoby,fNxqVcKPhH
danvanvleet27,Dan,Vanvleet,BapPRjPuXY
dansiakam52,Dan,Siakam,hENwdUMYBy
danwatanabe18,Dan,Watanabe,cKrwTSKwud
danbarnes89,Dan,Barnes,sHEaffsYpT
dananunoby76,Dan,Anunoby,bMemzbOmhB
evevanvleet53,Eve,Vanvleet,pVPxmHvvaH
evesiakam52,Eve,Siakam,grIQjffZjV
evewatanabe70,Eve,Watanabe,BlQAwzKKuP
evebarnes87,Eve,Barnes,pixMkEbXdo
eveanunoby00,Eve,Anunoby,NnvKSmcQMy
frankvanvleet88,Frank,Vanvleet,QviChVUajc
franksiakam61,Frank,Siakam,tUNUlesMvG
frankwatanabe18,Frank,Watanabe,ichBrOeXXQ
frankbarnes27,Frank,Barnes,TGlCPXBdms
frankanunoby10,Frank,Anunoby,lbISztPpfX
