username,firstName,lastName,userPassword,profilePicLink
alicevanvleet32,Alice,Vanvleet,scrypt:32768:8:1$4GngacWIk1Dq7uDq$7f2e65bcd2f1759362b3425fa691044d1bfb70c488e3fb43e0477df9cc17bd5424eda3a09f26363010fcee411b5066f2dc9368ffff94ddd52d4b150ace57aabe,https://powerusers.microsoft.com/t5/image/serverpage/image-id/98171iCC9A58CAF1C9B5B9/image-size/large/is-moderation-mode/true?v=v2&px=999
alicesiakam07,Alice,Siakam,scrypt:32768:8:1$WzzbeZlyweKzd1ma$d2dfad4735f0aeb7ab42a0094cf0e523da6640b961d5a92ae95ecada05b38e99414be84f2e15225e8cda4f1dee41a6ced0859f4cb7cfa4eff8eb65cfa795ec8e,https://powerusers.microsoft.com/t5/image/serverpage/image-id/98171iCC9A58CAF1C9B5B9/image-size/large/is-moderation-mode/true?v=v2&px=999
alicewatanabe10,Alice,Watanabe,scrypt:32768:8:1$pTIMYr5VOmdsLsjH$277cd7c6338bcfe3cfd56f0ed4672aabdba0815f26c3d5890523742adf51afc6b3c9a01ca6506270407241fc4f8bb08ba2a1e01f3e3663d7d60949e008b4f3d4,https://powerusers.microsoft.com/t5/image/serverpage/image-id/98171iCC9A58CAF1C9B5B9/image-size/large/is-moderation-mode/true?v=v2&px=999
alicebarnes79,Alice,Barnes,scrypt:32768:8:1$CYcb9aL75xblp4yA$959007ee0f5f5640f8eb5e2f0adc1510a605063d1d11c94b13e665fe39ce60260b8d8531c927890e138f182143ce16ab193da45af04262bf356ee0240ddd668e,https://powerusers.microsoft.com/t5/image/serverpage/image-id/98171iCC9A58CAF1C9B5B9/image-size/large/is-moderation-mode/true?v=v2&px=999
aliceanunoby57,Alice,Anunoby,scrypt:32768:8:1$UzxSA0xi6Bll6gww$05d090207308cd0638e1235a8f4b8e8323860ec26405683dadbf7a00dfc6cb5b552a0d0f257d0b4f696a7d5b9f4e97c98c16245938b26d79bf38d22d7807d5e1,https://powerusers.microsoft.com/t5/image/serverpage/image-id/98171iCC9A58CAF1C9B5B9/image-size/large/is-moderation-mode/true?v=v2&px=999
bobvanvleet79,Bob,Vanvleet,scrypt:32768:8:1$B5xk9GkSTYyj5JUa$c080061aae5deaf03032f57030a2dfdcf674f93f409ae6074d8181eeca37a5b31017fe7a61e6ba7a2ae0bbb9ce5ee17261a5b46f1b06cd06a52eabde74ce6cd5,https://powerusers.microsoft.com/t5/image/serverpage/image-id/98171iCC9A58CAF1C9B5B9/image-size/large/is-moderation-mode/true?v=v2&px=999
bobsiakam68,Bob,Siakam,scrypt:32768:8:1$Ay5uHo1jAUlGFazb$8aa18ce60e0cac6891be65bf380386f6375ce14e31b202672604f3372c066ef00126ffd27eaafaedc3dfece3e0a58e6ef4f6842ce36aa8d0ea16148c89401f7a,https://powerusers.microsoft.com/t5/image/serverpage/image-id/98171iCC9A58CAF1C9B5B9/image-size/large/is-moderation-mode/true?v=v2&px=999
bobwatanabe57,Bob,Watanabe,scrypt:32768:8:1$P41jMtUVOCZutUFQ$c05d5b18e6f45dcddc2060789fa0a86472f90a6fd7776f0c6bfe38209ed582be1d791f0b4e3dc1ec2acebf347fa3ebad897cda308df9a7f008f907841aace545,https://powerusers.microsoft.com/t5/image/serverpage/image-id/98171iCC9A58CAF1C9B5B9/image-size/large/is-moderation-mode/true?v=v2&px=999
bobbarnes37,Bob,Barnes,scrypt:32768:8:1$lIM3euziqcfpZUf6$0dc156a38d3a19d990aaa078bdfdcb747f07a4809f69d9c809e707285ec89d6019743ae1606afa8c5a996a1528e1e7a977282d8d0a83e065d19d3af6f4e96507,https://powerusers.microsoft.com/t5/image/serverpage/image-id/98171iCC9A58CAF1C9B5B9/image-size/large/is-moderation-mode/true?v=v2&px=999
bobanunoby60,Bob,Anunoby,scrypt:32768:8:1$9sRE8qxKHyVjWhH2$04edaadd55f04f840035288d4cc9dc43c78d570a3e52c7d7d1d9e52ae9662bb42ead4ea2745f9719692313cab8f20993c90a62d17a873ae3f8c072bd2672f4db,https://powerusers.microsoft.com/t5/image/serverpage/image-id/98171iCC9A58CAF1C9B5B9/image-size/large/is-moderation-mode/true?v=v2&px=999
charlievanvleet08,Charlie,Vanvleet,scrypt:32768:8:1$SsAhTbSgfpZsaIoU$8ec0823458028ad80f5b369deec18cad8c4088944fe2cfe82a08ad0f5318e8201a5979cccd5aeb5b684f069c8212e1b139fa7fa8ef7b862f464dca8f6a4a5769,https://powerusers.microsoft.com/t5/image/serverpage/image-id/98171iCC9A58CAF1C9B5B9/image-size/large/is-moderation-mode/true?v=v2&px=999
charliesiakam77,Charlie,Siakam,scrypt:32768:8:1$C50qMq640R8Piblf$a6100936ed68cfd959f15134b5952cba8333285c810eb54cf0e7235686cc11f8e702254de7a987ad73ad1fd77ccb0fc048cd200f3ae4db2c929d5ac5a51e73f0,https://powerusers.microsoft.com/t5/image/serverpage/image-id/98171iCC9A58CAF1C9B5B9/image-size/large/is-moderation-mode/true?v=v2&px=999
charliewatanabe61,Charlie,Watanabe,scrypt:32768:8:1$4DoXaeVbMCEGSRAL$193aa8480396cd87a5b46e87a917b8f6d53f21871c457659a56517ab8219e3a71d36409fbfbe7eba4df3419ac41193f38495aa2d889b807622b633cbc380cc16,https://powerusers.microsoft.com/t5/image/serverpage/image-id/98171iCC9A58CAF1C9B5B9/image-size/large/is-moderation-mode/true?v=v2&px=999
charliebarnes88,Charlie,Barnes,scrypt:32768:8:1$lxsCKAatnxVwpkbt$d359849144146118490439e091cc7d7c474c5ca5cdccda5d80495d2713b8acb9064ae217b8ff52d303966bd2ed3aa85447e3d95bb4f9307d48282192933c3c22,https://powerusers.microsoft.com/t5/image/serverpage/image-id/98171iCC9A58CAF1C9B5B9/image-size/large/is-moderation-mode/true?v=v2&px=999
charlieanunoby94,Charlie,Anunoby,scrypt:32768:8:1$d3L0QyTyaB9ggdhh$cc154499ffad7f54c10c2cfa4b2a960b946944df501139cd68b01a0f695811223e15bae1e1393d7147644ccc8bdb9db97691d33f1902dda6b9928172775fca20,https://powerusers.microsoft.com/t5/image/serverpage/image-id/98171iCC9A58CAF1C9B5B9/image-size/large/is-moderation-mode/true?v=v2&px=999
danvanvleet01,Dan,Vanvleet,scrypt:32768:8:1$23CmkgF4taOmIU8Y$de0d694abdc9708b4ac552fb9bc2332baf8978fb5c8c77ef49f3e363170537c637539e2933dee4d04a2d3d1bf3c684ee3a8d4f1eb02fade788c6f733e608c2cc,https://powerusers.microsoft.com/t5/image/serverpage/image-id/98171iCC9A58CAF1C9B5B9/image-size/large/is-moderation-mode/true?v=v2&px=999
dansiakam35,Dan,Siakam,scrypt:32768:8:1$sn1rltSsEisglpWW$18a77063f03aa3af6fe9c228c76f2162a6a657484ddabede475bb6da0cb40edb211d7fa5693166a43afb9133b70946978ba0b63903a647c41225b613857a459b,https://powerusers.microsoft.com/t5/image/serverpage/image-id/98171iCC9A58CAF1C9B5B9/image-size/large/is-moderation-mode/true?v=v2&px=999
danwatanabe10,Dan,Watanabe,scrypt:32768:8:1$GGsviIpWEbxUQLVo$ec551ab28c8d41aee07e35b75947fca9f1ce2dc552fbba74df8c6ec3581335c617413a82a4d7eb36099a8de5bae17b519cd2789a60247b4ae254344657e54135,https://powerusers.microsoft.com/t5/image/serverpage/image-id/98171iCC9A58CAF1C9B5B9/image-size/large/is-moderation-mode/true?v=v2&px=999
danbarnes80,Dan,Barnes,scrypt:32768:8:1$Z0ArIAewB44QPvOL$4ddfe8521917dfc6b0673c794c7efd6b288e5ca63d86e02e65cf42b3d318397653289d9d55489395df3cfb8b905f3e8c84a08658b7b0fe45402856ff955e7dc5,https://powerusers.microsoft.com/t5/image/serverpage/image-id/98171iCC9A58CAF1C9B5B9/image-size/large/is-moderation-mode/true?v=v2&px=999
dananunoby55,Dan,Anunoby,scrypt:32768:8:1$dzSXEw1fcACxNN5h$11cc9f99bd9ce080decad23b38751a126451e1486b95241a0e6d7145341696b4d1e3b257e19896808b71eb39e42aa20c5503e29202047d9de1d096185a1a2045,https://powerusers.microsoft.com/t5/image/serverpage/image-id/98171iCC9A58CAF1C9B5B9/image-size/large/is-moderation-mode/true?v=v2&px=999
evevanvleet97,Eve,Vanvleet,scrypt:32768:8:1$L8bLM4LFvUF9dOmr$12e9788889ec6dcf24f8fd346a1e94d3d5cc5229f74bb95dc2fae38bfd5cda802a61fe723deba60ff76114032b581089b2a8cbec98ba857defb6fe48ab67929e,https://powerusers.microsoft.com/t5/image/serverpage/image-id/98171iCC9A58CAF1C9B5B9/image-size/large/is-moderation-mode/true?v=v2&px=999
evesiakam38,Eve,Siakam,scrypt:32768:8:1$fQx6jvE0anKaJ17a$bf836582e8eee5aa1d2edbe252c782304ee2c66094300de50f3a9847b7a2c3e626d7a2a5bfd0f390cb32f36f7f7f469a585902ae0d9e43ea6d2ea9ca94396b10,https://powerusers.microsoft.com/t5/image/serverpage/image-id/98171iCC9A58CAF1C9B5B9/image-size/large/is-moderation-mode/true?v=v2&px=999
evewatanabe23,Eve,Watanabe,scrypt:32768:8:1$FtPzHPLBlrhS5Qw9$d93a28ab01eac9576c5852a0fcd4d28cb324e641ee31681294afce3c86950f5ab026822fe68177c1665461bb1e69427db91f2d282b09c9213b175c2e68516037,https://powerusers.microsoft.com/t5/image/serverpage/image-id/98171iCC9A58CAF1C9B5B9/image-size/large/is-moderation-mode/true?v=v2&px=999
evebarnes99,Eve,Barnes,scrypt:32768:8:1$maZ8zLS0bYQzbXkY$486bb167adebcf47137045af3a8d0617bdd5548c46096bdd75e6eacea150a768b803713eaa9f83408f95857772294195b8ce5cc167462a504bd1a8e0d18e5430,https://powerusers.microsoft.com/t5/image/serverpage/image-id/98171iCC9A58CAF1C9B5B9/image-size/large/is-moderation-mode/true?v=v2&px=999
eveanunoby01,Eve,Anunoby,scrypt:32768:8:1$3ycfxn27tZepZ2tB$ced2a16cc944b26df0a72331a39fe892a66d8298ff84d505602cfd2912bf549611bb13a0fe4077595c7e2c25d6fa1ef6175a5ed80447ce888e3cb85a3b1d363b,https://powerusers.microsoft.com/t5/image/serverpage/image-id/98171iCC9A58CAF1C9B5B9/image-size/large/is-moderation-mode/true?v=v2&px=999
frankvanvleet40,Frank,Vanvleet,scrypt:32768:8:1$OIpshhR2YDMNXxqb$b5a7162436f6f41f51fb859972eab5ebc1c465879e293a6414c456af9c2f9046fa7908b998a533439f20be6e59307c51258fe169877b5f74dbf32374a9f0bda8,https://powerusers.microsoft.com/t5/image/serverpage/image-id/98171iCC9A58CAF1C9B5B9/image-size/large/is-moderation-mode/true?v=v2&px=999
franksiakam58,Frank,Siakam,scrypt:32768:8:1$g6JQgc6p0uu2zRHO$2d875126704a34a5aa4d4cfdeb38bbd53a25e0965eb1e91e778a874d01ffc4f86d05be620c5c0e439bb80573f26d7f2b0cce497da305fdacf7b2875c7e11544e,https://powerusers.microsoft.com/t5/image/serverpage/image-id/98171iCC9A58CAF1C9B5B9/image-size/large/is-moderation-mode/true?v=v2&px=999
frankwatanabe15,Frank,Watanabe,scrypt:32768:8:1$mEWwzygbWf8ewXBL$bb0c3225e946a738aa47c279946250f5f6fc8709b3893f6e338b8eae3eb748df13e56db902db4d15274c2877aad07570a858e4c0fbfc70bc6edaf1d8d15f6e54,https://powerusers.microsoft.com/t5/image/serverpage/image-id/98171iCC9A58CAF1C9B5B9/image-size/large/is-moderation-mode/true?v=v2&px=999
frankbarnes60,Frank,Barnes,scrypt:32768:8:1$2IDiDH1JGim2SIy3$197a2cc30f8c1719f322c371d1417fb0a7692ea358e5aedb09f671c104ebd684c92efeb6239e9a9f8e69d84fe205dfbf7f58c019979a1f84be37ae641164867c,https://powerusers.microsoft.com/t5/image/serverpage/image-id/98171iCC9A58CAF1C9B5B9/image-size/large/is-moderation-mode/true?v=v2&px=999
frankanunoby02,Frank,Anunoby,scrypt:32768:8:1$NW9OVJ0fsacXKey2$d69cab1df489cc8421d689b030a2ade5c05ad22f1deddd275c3bcb57c417585238964ba45e0b99eea6363c39a1a0db0a553e450a2d7bbb1e83fdcd6cb51e7f83,https://powerusers.microsoft.com/t5/image/serverpage/image-id/98171iCC9A58CAF1C9B5B9/image-size/large/is-moderation-mode/true?v=v2&px=999
ellenbelbeck,Ellen,Belbeck,scrypt:32768:8:1$lwj0f0eyBAusQBak$e5fd32006dda2704d27a4c92525fbc0e9ce3f8a46d848849ccd613829cd9e0e3e88d63768a4baacfc5f87683279268bb20bd6e3928a384f74c43cdd5ecd045ed,https://powerusers.microsoft.com/t5/image/serverpage/image-id/98171iCC9A58CAF1C9B5B9/image-size/large/is-moderation-mode/true?v=v2&px=999
